{
    "A": {
        "means": {
            "BLUE": 0.06614169065743208,
            "GREEN": 0.09635988259340068,
            "RED": 0.11381173286380034,
            "SWIR1": 0.2403052018705142,
            "SWIR2": 0.169467635861788,
            "TEMP1": 281.2976763110107,
            "NIR": 0.24095368620456603,
            "DMSP": 13.069690484896771,
            "VIIRS": 5.075756473790338
        },
        "stds": {
            "BLUE": 0.03512808462999218,
            "GREEN": 0.050729950158437294,
            "RED": 0.07239252056994558,
            "SWIR1": 0.12444550248291769,
            "SWIR2": 0.10850729467914068,
            "TEMP1": 71.28094889057179,
            "NIR": 0.09077465132496389,
            "DMSP": 18.566259343422725,
            "VIIRS": 15.861609457767129
        }
    },
    "B": {
        "means": {
            "BLUE": 0.0654273617912518,
            "GREEN": 0.09479921378018823,
            "RED": 0.11043468255620627,
            "SWIR1": 0.23216347442285248,
            "SWIR2": 0.1622818467479409,
            "TEMP1": 280.85966364785213,
            "NIR": 0.2386809057434925,
            "DMSP": 14.565974786655032,
            "VIIRS": 6.199181393126629
        },
        "stds": {
            "BLUE": 0.03538306063510614,
            "GREEN": 0.05036845403074156,
            "RED": 0.0705896770575163,
            "SWIR1": 0.11841673428575264,
            "SWIR2": 0.10275975867934284,
            "TEMP1": 71.72907307379434,
            "NIR": 0.08997333685806619,
            "DMSP": 19.695238604004274,
            "VIIRS": 17.99519374266344
        }
    },
    "C": {
        "means": {
            "BLUE": 0.0630385607346633,
            "GREEN": 0.09067330887818935,
            "RED": 0.1039598249669778,
            "SWIR1": 0.22181714177245906,
            "SWIR2": 0.15351146012944789,
            "TEMP1": 277.6368147756245,
            "NIR": 0.23340250048303152,
            "DMSP": 14.971515529916266,
            "VIIRS": 6.502915445688854
        },
        "stds": {
            "BLUE": 0.03571430452106048,
            "GREEN": 0.04922349733115892,
            "RED": 0.06781982630066519,
            "SWIR1": 0.11406157897286293,
            "SWIR2": 0.09893690258957219,
            "TEMP1": 76.72833293968563,
            "NIR": 0.09191133471637858,
            "DMSP": 19.96806278717425,
            "VIIRS": 18.694113243633605
        }
    },
    "D": {
        "means": {
            "BLUE": 0.06348952763357099,
            "GREEN": 0.09137349178099585,
            "RED": 0.10562252057288225,
            "SWIR1": 0.22636333890536417,
            "SWIR2": 0.15737368764188833,
            "TEMP1": 275.0663689153606,
            "NIR": 0.2348995701348761,
            "DMSP": 13.413967361505891,
            "VIIRS": 5.174428988958751
        },
        "stds": {
            "BLUE": 0.03623307455645893,
            "GREEN": 0.050209552481784187,
            "RED": 0.07050962001314953,
            "SWIR1": 0.12279463509063591,
            "SWIR2": 0.10660177674574992,
            "TEMP1": 81.33002182182808,
            "NIR": 0.09593313718946797,
            "DMSP": 18.739764945187105,
            "VIIRS": 16.08324621027714
        }
    },
    "E": {
        "means": {
            "BLUE": 0.06625001397396144,
            "GREEN": 0.09619377482065411,
            "RED": 0.11314473364938635,
            "SWIR1": 0.23803006348415467,
            "SWIR2": 0.16762226702941266,
            "TEMP1": 279.4200007143159,
            "NIR": 0.2405147518663715,
            "DMSP": 13.627836922395185,
            "VIIRS": 5.387966075044698
        },
        "stds": {
            "BLUE": 0.036323771739103325,
            "GREEN": 0.051681624854766475,
            "RED": 0.0737104881742558,
            "SWIR1": 0.12700542478438445,
            "SWIR2": 0.11028685069120082,
            "TEMP1": 75.05722756075207,
            "NIR": 0.09354089980664836,
            "DMSP": 18.977193345561602,
            "VIIRS": 16.483666688170697
        }
    }
}